<?xml version="1.0" encoding="UTF-8"?>
<!DOCTYPE hibernate-configuration PUBLIC "-//Hibernate/Hibernate Configuration DTD 3.0//EN" "http://hibernate.sourceforge.net/hibernate-configuration-3.0.dtd">
<hibernate-configuration>
  <session-factory>
    <property name="hibernate.dialect">org.hibernate.dialect.MySQLDialect</property>
    <property name="hibernate.connection.driver_class">com.mysql.jdbc.Driver</property>
    <property name="hibernate.connection.url"></property>
    <property name="hibernate.connection.username">root</property>
    <property name="hibernate.connection.password">root</property>
    <property name="hibernate.jdbc.batch_size">20</property>
    <property name="hibernate.hbm2ddl.auto">update</property>
    <property name="hibernate.show_sql">true</property>
    <property name="hibernate.c3p0.min_size">5</property>
    <property name="hibernate.c3p0.max_size">20</property>
    <property name="hibernate.c3p0.timeout">300</property>
    <property name="hibernate.c3p0.max_statements">50</property>
    <property name="hibernate.c3p0.idle_test_period">3000</property>
    <property name="hibernate.c3p0.validate">true</property>
    <property name="connection.provider_class">org.hibernate.connection.C3P0ConnectionProvider</property>
    <property name="hibernate.current_session_context_class">thread</property>
    <mapping class="model.Common"/>
    <mapping class="model.User"/>
    <mapping class="model.Employee"/>
    <mapping class="model.Borrow"/>
    <mapping class="model.Book"/>
  </session-factory>
</hibernate-configuration>
